filename,pin title,pin description,link,board name
01-chocolate-sandwich-cookies.png,Homemade Chocolate Sandwich Cookies From Scratch (Cream-Filled Copycat),"Chocolate sandwich cookies with a creamy filling, made at home from basic pantry ingredients. I snapped the label on the real package and got this from-scratch version. Save it for your next bake day. Not affiliated with any brand.",https://recipereborn.com/?src=pin,Homemade Versions of Famous Snacks
02-cheese-crackers.png,Homemade Cheese Crackers From Scratch (Real Cheddar),"Crispy, cheesy little squares made from real cheddar, butter and flour. A from-scratch copycat of the lunchbox favorite. Recipe made with Recipe Reborn: snap a label, get the homemade version. Not affiliated with any brand.",https://recipereborn.com/?src=pin,Homemade Versions of Famous Snacks
03-fish-shaped-cheddar-crackers.png,Homemade Fish-Shaped Cheddar Crackers for Kids’ Snacks,Cheesy fish-shaped crackers you make at home. Use any small cookie cutter. A from-scratch version of the snack every kid asks for. Snap your own snack’s label to get more swaps. Not affiliated with any brand.,https://recipereborn.com/?src=pin,Homemade Versions of Famous Snacks
04-toaster-pastries.png,Homemade Frosted Toaster Pastries From Scratch,"Flaky pastry, jam filling and a simple glaze, all from scratch. Make a batch, freeze them, and toast in the morning. A homemade version of the breakfast classic. Not affiliated with any brand.",https://recipereborn.com/?src=pin,Homemade Versions of Famous Snacks
05-chocolate-hazelnut-spread.png,Homemade Chocolate Hazelnut Spread From Scratch,"Toasted hazelnuts, cocoa and a little sugar, blended smooth. You choose what goes in it. A from-scratch version of everyone’s favorite spread. Not affiliated with any brand.",https://recipereborn.com/?src=pin,Homemade Versions of Famous Snacks
06-ranch-chip-seasoning.png,Homemade Ranch Tortilla Chip Seasoning (Copycat Chip Dust),"The ranch tortilla-chip flavor from spices already in your drawer. Toss on homemade tortilla chips, popcorn or roasted chickpeas. Recipe made with Recipe Reborn. Not affiliated with any brand.",https://recipereborn.com/?src=pin,Homemade Versions of Famous Snacks
07-crustless-pbj-pockets.png,Homemade Crustless PB&J Pockets (Freezer-Friendly),"Sealed, crustless sandwiches you make in a batch and freeze. Pull one out in the morning for lunch. A homemade version of the lunchbox staple. Not affiliated with any brand.",https://recipereborn.com/?src=pin,Homemade Versions of Famous Snacks
08-stovetop-mac-and-cheese.png,Homemade Stovetop Mac and Cheese (Almost as Fast as the Boxed Kind),"Creamy stovetop mac and cheese made with real cheese instead of powder, in about the same time. A from-scratch take on the boxed classic. Not affiliated with any brand.",https://recipereborn.com/?src=pin,Homemade Versions of Famous Snacks
09-chewy-granola-bars.png,Homemade Chewy Granola Bars (Copycat Recipe),"Soft, chewy oat bars with chocolate chips. Make a pan on Sunday and wrap them for the week. A homemade version of the lunchbox favorite. Not affiliated with any brand.",https://recipereborn.com/?src=pin,Homemade Versions of Famous Snacks
10-cracker-cheese-lunch-kit.png,Homemade Cracker and Cheese Lunch Kits (DIY Lunchbox),"Homemade crackers, sliced cheese and meat, packed in a divided container. A DIY version kids can build themselves. Snap any snack label for more homemade swaps. Not affiliated with any brand.",https://recipereborn.com/?src=pin,Homemade Versions of Famous Snacks
